{"DET": 0.266785838855947, ".": 0.11115713289152424, "PRON": 0.19962068364143704, "NOUN": 0.17642570631321938, "ADV": 0.11418730380188351, "ADP": 0.15355772584583188, "VERB": 0.05641785838855947, "NUM": 0.021014998256016743, "CONJ": 0.061410010463899545, "ADJ": 0.04292378793163586, "PRT": 0.04584495988838507, "X": 0.0006539937216602721}