{"DET": {"NOUN": 0.6264678621213117, "VERB": 0.06466986330362942, "DET": 0.005904290645822842, "ADJ": 0.23971857917515088, "PRON": 0.009911034236127837, "NUM": 0.009765069078011078, "ADV": 0.017515818974010902, "ADP": 0.00907173457695648, ".": 0.012779249593122122, "X": 0.001415862033732548, "PRT": 0.002007020924105416, "CONJ": 0.0006422466957137331}, "NOUN": {"NOUN": 0.14931157868760842, "ADJ": 0.01289383723208907, "VERB": 0.15881592985868673, "DET": 0.015495830278924944, "ADP": 0.24432242939780374, ".": 0.28371885410693937, "ADV": 0.026390088475021594, "CONJ": 0.059686164074350956, "PRT": 0.017836535321057636, "NUM": 0.008063638145145487, "PRON": 0.019814340356658126, "X": 0.0003338680060096241}, "ADJ": {"NOUN": 0.652703622746981, ".": 0.10038102746025489, "ADP": 0.0884724262729781, "CONJ": 0.03758913534238721, "PRT": 0.01927831726806894, "ADJ": 0.05691523034841915, "DET": 0.0058408284659762786, "ADV": 0.009674991937506719, "VERB": 0.017474707659965838, "NUM": 0.006975549742597437, "X": 0.0005016662486114594, "PRON": 0.003822219037039691}, "VERB": {"NOUN": 0.0975047879616963, ".": 0.08061833105335157, "ADP": 0.1692202462380301, "ADJ": 0.05751025991792066, "DET": 0.16297674418604652, "VERB": 0.18422435020519837, "PRON": 0.055036935704514366, "CONJ": 0.014380300957592339, "ADV": 0.10319562243502052, "PRT": 0.06559233926128591, "NUM": 0.008995896032831737, "X": 0.00018604651162790697}, "ADP": {"NOUN": 0.2584515701200558, "DET": 0.4556318472569526, "ADJ": 0.08262299158642222, "VERB": 0.04121824185236865, "PRON": 0.06978157854744899, "ADP": 0.02030172830637028, "PRT": 0.014243676001271017, "NUM": 0.030096845944489727, "ADV": 0.015500877277813851, ".": 0.0097467637428678, "CONJ": 0.001885801914814252, "X": 0.00046281585455148306}, ".": {"DET": 0.06778707688137431, "ADP": 0.06522549385016772, ".": 0.10714600345610409, "VERB": 0.07666452071968285, "NOUN": 0.08285162470775591, "ADV": 0.043567241554569175, "PRT": 0.018330905024904278, "CONJ": 0.069386372107207, "PRON": 0.046338901501033446, "NUM": 0.012062480940602447, "ADJ": 0.028875410835902823, "X": 0.0012604614915460984}, "ADV": {"VERB": 0.24036700510322018, "DET": 0.07354327068404488, "ADJ": 0.13631110083749712, ".": 0.17016661035935918, "ADP": 0.1418766336528032, "ADV": 0.09683671473532601, "PRT": 0.028681164316577464, "NOUN": 0.03282419673180533, "CONJ": 0.017318942370952543, "PRON": 0.0483472323476591, "NUM": 0.013282597485730543, "X": 8.890627500488985e-05}, "CONJ": {"NOUN": 0.24361091452386568, "DET": 0.15129354407486043, "ADJ": 0.11197609499095698, "ADV": 0.09132132840554638, "VERB": 0.19540772194700007, "ADP": 0.073287725092396, "PRON": 0.06759980079159131, ".": 0.02081203638174622, "PRT": 0.025136955780975596, "NUM": 0.018688894131215432, "X": 0.0005504442871746481, "CONJ": 0.0002621163272260229}, "PRT": {"VERB": 0.6224814777565456, "DET": 0.08354286097421972, "ADP": 0.09071708739816957, "ADV": 0.036172851922625635, ".": 0.07670387877568809, "NOUN": 0.03573703442958195, "ADJ": 0.01890777431358745, "CONJ": 0.012202889805223105, "PRT": 0.011230681551510276, "PRON": 0.00683898219853163, "NUM": 0.005095712226356901, "X": 6.704884508364343e-05}, "PRON": {"VERB": 0.7061661328900961, ".": 0.10370130133376576, "DET": 0.017513276847610167, "PRT": 0.02375643572384157, "ADV": 0.05401954027648275, "ADP": 0.055803299955406005, "CONJ": 0.011391737949487168, "PRON": 0.008189078525965865, "ADJ": 0.009486358292455508, "NOUN": 0.008857988405562086, "NUM": 0.0009932298212186321, "X": 2.0269996351400657e-05}, "NUM": {"NOUN": 0.38046255210434315, "ADP": 0.13110125050423557, "ADJ": 0.05929810407422348, "DET": 0.013110125050423558, ".": 0.2707408901438752, "CONJ": 0.038321903993545785, "NUM": 0.021715745596342612, "VERB": 0.045515664918649994, "PRT": 0.005311281430684415, "PRON": 0.008471157724889069, "ADV": 0.020371117386042758, "X": 0.0002016942315449778}, "X": {"X": 0.5115440115440115, "NOUN": 0.05483405483405483, ".": 0.2741702741702742, "ADP": 0.05339105339105339, "PRT": 0.007215007215007215, "VERB": 0.05194805194805195, "ADV": 0.007215007215007215, "CONJ": 0.023088023088023088, "DET": 0.005050505050505051, "NUM": 0.0007215007215007215, "ADJ": 0.002886002886002886, "PRON": 0.006493506493506494}}